<?xml version="1.0" encoding="UTF-8"?>
<project-private xmlns="http://www.netbeans.org/ns/project-private/1">
    <editor-bookmarks xmlns="http://www.netbeans.org/ns/editor-bookmarks/2" lastBookmarkId="0"/>
    <open-files xmlns="http://www.netbeans.org/ns/projectui-open-files/2">
        <group>
            <file>file:/C:/Users/Bomber/Desktop/2DAWA/DSW/1er%20Trimestre/Actividades/AUT01_01_RamirezVillcaFranzJosue/src/es/cifpcm/io/file/FileCreator.java</file>
            <file>file:/C:/Users/Bomber/Desktop/2DAWA/DSW/1er%20Trimestre/Actividades/AUT01_01_RamirezVillcaFranzJosue/src/aut01_01_ramirezvillcafranzjosue/AUT01_01_RamirezVillcaFranzJosue.java</file>
        </group>
    </open-files>
</project-private>
